utkarsh1729 pass123 Utkarsh_Yashvardhan
animesh222 qwerty11 Animesh_Bhargava
harsh007 ABC@CBA Harsh_Butani
shubham331 wannaDaNcE2 Shubham_Keshari
chinchin7 alphaQ1Q Chinmay_Kumar
raju88 iamrajuuu Raju_Rastogi
mike11 passss Mike_Scott
light21 pawser12 Light_Yagami
